Id,Name,Price
1, A, 34.1
2, b, 34.2
3, c, 34.3
4, d, 34.4
5, e, 34.5
6, f, 34.6
7, g, 34.7
1, A, 34.1
2, b, 34.2
3, c, 34.3
4, d, 34.4
5, e, 34.5
6, f, 34.6
7, g, 34.7
1, A, 34.1
2, b, 34.2
3, c, 34.3
4, d, 34.4
5, e, 34.5
6, f, 34.6
7, g, 34.7
1, A, 34.1
2, b, 34.2
3, c, 34.3
4, d, 34.4
5, e, 34.5
6, f, 34.6
7, g, 34.7
1, A, 34.1
2, b, 34.2
3, c, 34.3
4, d, 34.4
5, e, 34.5
6, f, 34.6
7, g, 34.7
1, A, 34.1
2, b, 34.2
3, c, 34.3
4, d, 34.4
5, e, 34.5
6, f, 34.6
7, g, 34.7
1, A, 34.1
2, b, 34.2
3, c, 34.3
4, d, 34.4
5, e, 34.5
6, f, 34.6
7, g, 34.7
1, A, 34.1
2, b, 34.2
3, c, 34.3
4, d, 34.4
5, e, 34.5
6, f, 34.6
7, g, 34.7
1, A, 34.1
2, b, 34.2
3, c, 34.3
4, d, 34.4
5, e, 34.5
6, f, 34.6
7, g, 34.7
1, A, 34.1
2, b, 34.2
3, c, 34.3
4, d, 34.4
5, e, 34.5
6, f, 34.6
7, g, 34.7
1, A, 34.1
2, b, 34.2
3, c, 34.3
4, d, 34.4
5, e, 34.5
6, f, 34.6
7, g, 34.7
1, A, 34.1
2, b, 34.2
3, c, 34.3
4, d, 34.4
5, e, 34.5
6, f, 34.6
7, g, 34.7
1, A, 34.1
2, b, 34.2
3, c, 34.3
4, d, 34.4
5, e, 34.5
6, f, 34.6
7, g, 34.7
1, A, 34.1
2, b, 34.2
3, c, 34.3
4, d, 34.4
5, e, 34.5
6, f, 34.6
7, g, 34.7
1, A, 34.1
2, b, 34.2
3, c, 34.3
4, d, 34.4
5, e, 34.5
6, f, 34.6
7, g, 34.7
1, A, 34.1
2, b, 34.2
3, c, 34.3
4, d, 34.4
5, e, 34.5
6, f, 34.6
7, g, 34.7
1, A, 34.1
2, b, 34.2
3, c, 34.3
4, d, 34.4
5, e, 34.5
6, f, 34.6
7, g, 34.7
1, A, 34.1
2, b, 34.2
3, c, 34.3
4, d, 34.4
5, e, 34.5
6, f, 34.6
7, g, 34.7
1, A, 34.1
2, b, 34.2
3, c, 34.3
4, d, 34.4
5, e, 34.5
6, f, 34.6
7, g, 34.7
1, A, 34.1
2, b, 34.2
3, c, 34.3
4, d, 34.4
5, e, 34.5
6, f, 34.6
7, g, 34.7
1, A, 34.1
2, b, 34.2
3, c, 34.3
4, d, 34.4
5, e, 34.5
6, f, 34.6
7, g, 34.7
1, A, 34.1
2, b, 34.2
3, c, 34.3
4, d, 34.4
5, e, 34.5
6, f, 34.6
7, g, 34.7
1, A, 34.1
2, b, 34.2
3, c, 34.3
4, d, 34.4
5, e, 34.5
6, f, 34.6
7, g, 34.7
1, A, 34.1
2, b, 34.2
3, c, 34.3
4, d, 34.4
5, e, 34.5
6, f, 34.6
7, g, 34.7
1, A, 34.1
2, b, 34.2
3, c, 34.3
4, d, 34.4
5, e, 34.5
6, f, 34.6
7, g, 34.7
1, A, 34.1
2, b, 34.2
3, c, 34.3
4, d, 34.4
5, e, 34.5
6, f, 34.6
7, g, 34.7
1, A, 34.1
2, b, 34.2
3, c, 34.3
4, d, 34.4
5, e, 34.5
6, f, 34.6
7, g, 34.7
1, A, 34.1
2, b, 34.2
3, c, 34.3
4, d, 34.4
5, e, 34.5
6, f, 34.6
7, g, 34.7
1, A, 34.1
2, b, 34.2
3, c, 34.3
4, d, 34.4
5, e, 34.5
6, f, 34.6
7, g, 34.7
1, A, 34.1
2, b, 34.2
3, c, 34.3
4, d, 34.4
5, e, 34.5
6, f, 34.6
7, g, 34.7
1, A, 34.1
2, b, 34.2
3, c, 34.3
4, d, 34.4
5, e, 34.5
6, f, 34.6
7, g, 34.7
1, A, 34.1
2, b, 34.2
3, c, 34.3
4, d, 34.4
5, e, 34.5
6, f, 34.6
7, g, 34.7
1, A, 34.1
2, b, 34.2
3, c, 34.3
4, d, 34.4
5, e, 34.5
6, f, 34.6
7, g, 34.7
1, A, 34.1
2, b, 34.2
3, c, 34.3
4, d, 34.4
5, e, 34.5
6, f, 34.6
7, g, 34.7
1, A, 34.1
2, b, 34.2
3, c, 34.3
4, d, 34.4
5, e, 34.5
6, f, 34.6
7, g, 34.7
1, A, 34.1
2, b, 34.2
3, c, 34.3
4, d, 34.4
5, e, 34.5
6, f, 34.6
7, g, 34.7
1, A, 34.1
2, b, 34.2
3, c, 34.3
4, d, 34.4
5, e, 34.5
6, f, 34.6
7, g, 34.7
1, A, 34.1
2, b, 34.2
3, c, 34.3
4, d, 34.4
5, e, 34.5
6, f, 34.6
7, g, 34.7
1, A, 34.1
2, b, 34.2
3, c, 34.3
4, d, 34.4
5, e, 34.5
6, f, 34.6
7, g, 34.7
1, A, 34.1
2, b, 34.2
3, c, 34.3
4, d, 34.4
5, e, 34.5
6, f, 34.6
7, g, 34.7
1, A, 34.1
2, b, 34.2
3, c, 34.3
4, d, 34.4
5, e, 34.5
6, f, 34.6
7, g, 34.7
1, A, 34.1
2, b, 34.2
3, c, 34.3
4, d, 34.4
5, e, 34.5
6, f, 34.6
7, g, 34.7
1, A, 34.1
2, b, 34.2
3, c, 34.3
4, d, 34.4
5, e, 34.5
6, f, 34.6
7, g, 34.7
1, A, 34.1
2, b, 34.2
3, c, 34.3
4, d, 34.4
5, e, 34.5
6, f, 34.6
7, g, 34.7
1, A, 34.1
2, b, 34.2
3, c, 34.3
4, d, 34.4
5, e, 34.5
6, f, 34.6
7, g, 34.7
1, A, 34.1
2, b, 34.2
3, c, 34.3
4, d, 34.4
5, e, 34.5
6, f, 34.6
7, g, 34.7
1, A, 34.1
2, b, 34.2
3, c, 34.3
4, d, 34.4
5, e, 34.5
6, f, 34.6
7, g, 34.7
1, A, 34.1
2, b, 34.2
3, c, 34.3
4, d, 34.4
5, e, 34.5
6, f, 34.6
7, g, 34.7
1, A, 34.1
2, b, 34.2
3, c, 34.3
4, d, 34.4
5, e, 34.5
6, f, 34.6
7, g, 34.7
1, A, 34.1
2, b, 34.2
3, c, 34.3
4, d, 34.4
5, e, 34.5
6, f, 34.6
7, g, 34.7
1, A, 34.1
2, b, 34.2
3, c, 34.3
4, d, 34.4
5, e, 34.5
6, f, 34.6
7, g, 34.7
1, A, 34.1
2, b, 34.2
3, c, 34.3
4, d, 34.4
5, e, 34.5
6, f, 34.6
7, g, 34.7
1, A, 34.1
2, b, 34.2
3, c, 34.3
4, d, 34.4
5, e, 34.5
6, f, 34.6
7, g, 34.7
1, A, 34.1
2, b, 34.2
3, c, 34.3
4, d, 34.4
5, e, 34.5
6, f, 34.6
7, g, 34.7
1, A, 34.1
2, b, 34.2
3, c, 34.3
4, d, 34.4
5, e, 34.5
6, f, 34.6
7, g, 34.7
1, A, 34.1
2, b, 34.2
3, c, 34.3
4, d, 34.4
5, e, 34.5
6, f, 34.6
7, g, 34.7
1, A, 34.1
2, b, 34.2
3, c, 34.3
4, d, 34.4
5, e, 34.5
6, f, 34.6
7, g, 34.7
1, A, 34.1
2, b, 34.2
3, c, 34.3
4, d, 34.4
5, e, 34.5
6, f, 34.6
7, g, 34.7
1, A, 34.1
2, b, 34.2
3, c, 34.3
4, d, 34.4
5, e, 34.5
6, f, 34.6
7, g, 34.7
1, A, 34.1
2, b, 34.2
3, c, 34.3
4, d, 34.4
5, e, 34.5
6, f, 34.6
7, g, 34.7
1, A, 34.1
2, b, 34.2
3, c, 34.3
4, d, 34.4
5, e, 34.5
6, f, 34.6
7, g, 34.7
1, A, 34.1
2, b, 34.2
3, c, 34.3
4, d, 34.4
5, e, 34.5
6, f, 34.6
7, g, 34.7
1, A, 34.1
2, b, 34.2
3, c, 34.3
4, d, 34.4
5, e, 34.5
6, f, 34.6
7, g, 34.7
1, A, 34.1
2, b, 34.2
3, c, 34.3
4, d, 34.4
5, e, 34.5
6, f, 34.6
7, g, 34.7
1, A, 34.1
2, b, 34.2
3, c, 34.3
4, d, 34.4
5, e, 34.5
6, f, 34.6
7, g, 34.7
1, A, 34.1
2, b, 34.2
3, c, 34.3
4, d, 34.4
5, e, 34.5
6, f, 34.6
7, g, 34.7
1, A, 34.1
2, b, 34.2
3, c, 34.3
4, d, 34.4
5, e, 34.5
6, f, 34.6
7, g, 34.7
1, A, 34.1
2, b, 34.2
3, c, 34.3
4, d, 34.4
5, e, 34.5
6, f, 34.6
7, g, 34.7
1, A, 34.1
2, b, 34.2
3, c, 34.3
4, d, 34.4
5, e, 34.5
6, f, 34.6
7, g, 34.7
1, A, 34.1
2, b, 34.2
3, c, 34.3
4, d, 34.4
5, e, 34.5
6, f, 34.6
7, g, 34.7
1, A, 34.1
2, b, 34.2
3, c, 34.3
4, d, 34.4
5, e, 34.5
6, f, 34.6
7, g, 34.7
1, A, 34.1
2, b, 34.2
3, c, 34.3
4, d, 34.4
5, e, 34.5
6, f, 34.6
7, g, 34.7
1, A, 34.1
2, b, 34.2
3, c, 34.3
4, d, 34.4
5, e, 34.5
6, f, 34.6
7, g, 34.7
1, A, 34.1
2, b, 34.2
3, c, 34.3
4, d, 34.4
5, e, 34.5
6, f, 34.6
7, g, 34.7
1, A, 34.1
2, b, 34.2
3, c, 34.3
4, d, 34.4
5, e, 34.5
6, f, 34.6
7, g, 34.7
1, A, 34.1
2, b, 34.2
3, c, 34.3
4, d, 34.4
5, e, 34.5
6, f, 34.6
7, g, 34.7
1, A, 34.1
2, b, 34.2
3, c, 34.3
4, d, 34.4
5, e, 34.5
6, f, 34.6
7, g, 34.7
1, A, 34.1
2, b, 34.2
3, c, 34.3
4, d, 34.4
5, e, 34.5
6, f, 34.6
7, g, 34.7
1, A, 34.1
2, b, 34.2
3, c, 34.3
4, d, 34.4
5, e, 34.5
6, f, 34.6
7, g, 34.7
1, A, 34.1
2, b, 34.2
3, c, 34.3
4, d, 34.4
5, e, 34.5
6, f, 34.6
7, g, 34.7
1, A, 34.1
2, b, 34.2
3, c, 34.3
4, d, 34.4
5, e, 34.5
6, f, 34.6
7, g, 34.7
1, A, 34.1
2, b, 34.2
3, c, 34.3
4, d, 34.4
5, e, 34.5
6, f, 34.6
7, g, 34.7
1, A, 34.1
2, b, 34.2
3, c, 34.3
4, d, 34.4
5, e, 34.5
6, f, 34.6
7, g, 34.7
1, A, 34.1
2, b, 34.2
3, c, 34.3
4, d, 34.4
5, e, 34.5
6, f, 34.6
7, g, 34.7
1, A, 34.1
2, b, 34.2
3, c, 34.3
4, d, 34.4
5, e, 34.5
6, f, 34.6
7, g, 34.7
1, A, 34.1
2, b, 34.2
3, c, 34.3
4, d, 34.4
5, e, 34.5
6, f, 34.6
7, g, 34.7
1, A, 34.1
2, b, 34.2
3, c, 34.3
4, d, 34.4
5, e, 34.5
6, f, 34.6
7, g, 34.7
1, A, 34.1
2, b, 34.2
3, c, 34.3
4, d, 34.4
5, e, 34.5
6, f, 34.6
7, g, 34.7
1, A, 34.1
2, b, 34.2
3, c, 34.3
4, d, 34.4
5, e, 34.5
6, f, 34.6
7, g, 34.7
1, A, 34.1
2, b, 34.2
3, c, 34.3
4, d, 34.4
5, e, 34.5
6, f, 34.6
7, g, 34.7
1, A, 34.1
2, b, 34.2
3, c, 34.3
4, d, 34.4
5, e, 34.5
6, f, 34.6
7, g, 34.7
1, A, 34.1
2, b, 34.2
3, c, 34.3
4, d, 34.4
5, e, 34.5
6, f, 34.6
7, g, 34.7
1, A, 34.1
2, b, 34.2
3, c, 34.3
4, d, 34.4
5, e, 34.5
6, f, 34.6
7, g, 34.7
1, A, 34.1
2, b, 34.2
3, c, 34.3
4, d, 34.4
5, e, 34.5
6, f, 34.6
7, g, 34.7
1, A, 34.1
2, b, 34.2
3, c, 34.3
4, d, 34.4
5, e, 34.5
6, f, 34.6
7, g, 34.7
1, A, 34.1
2, b, 34.2
3, c, 34.3
4, d, 34.4
5, e, 34.5
6, f, 34.6
7, g, 34.7
1, A, 34.1
2, b, 34.2
3, c, 34.3
4, d, 34.4
5, e, 34.5
6, f, 34.6
7, g, 34.7
1, A, 34.1
2, b, 34.2
3, c, 34.3
4, d, 34.4
5, e, 34.5
6, f, 34.6
7, g, 34.7
1, A, 34.1
2, b, 34.2
3, c, 34.3
4, d, 34.4
5, e, 34.5
6, f, 34.6
7, g, 34.7
1, A, 34.1
2, b, 34.2
3, c, 34.3
4, d, 34.4
5, e, 34.5
6, f, 34.6
7, g, 34.7
